-- MySQL dump 10.13  Distrib 5.7.17, for Win64 (x86_64)
--
-- Host: localhost    Database: apuestasbd
-- ------------------------------------------------------
-- Server version	5.5.24-log

/*!40101 SET @OLD_CHARACTER_SET_CLIENT=@@CHARACTER_SET_CLIENT */;
/*!40101 SET @OLD_CHARACTER_SET_RESULTS=@@CHARACTER_SET_RESULTS */;
/*!40101 SET @OLD_COLLATION_CONNECTION=@@COLLATION_CONNECTION */;
/*!40101 SET NAMES utf8 */;
/*!40103 SET @OLD_TIME_ZONE=@@TIME_ZONE */;
/*!40103 SET TIME_ZONE='+00:00' */;
/*!40014 SET @OLD_UNIQUE_CHECKS=@@UNIQUE_CHECKS, UNIQUE_CHECKS=0 */;
/*!40014 SET @OLD_FOREIGN_KEY_CHECKS=@@FOREIGN_KEY_CHECKS, FOREIGN_KEY_CHECKS=0 */;
/*!40101 SET @OLD_SQL_MODE=@@SQL_MODE, SQL_MODE='NO_AUTO_VALUE_ON_ZERO' */;
/*!40111 SET @OLD_SQL_NOTES=@@SQL_NOTES, SQL_NOTES=0 */;

--
-- Table structure for table `t_apuestas`
--

DROP TABLE IF EXISTS `t_apuestas`;
/*!40101 SET @saved_cs_client     = @@character_set_client */;
/*!40101 SET character_set_client = utf8 */;
CREATE TABLE `t_apuestas` (
  `id` int(8) NOT NULL AUTO_INCREMENT,
  `fecha_alta` date NOT NULL,
  `fecha_evento` date NOT NULL,
  `casa_id` int(2) NOT NULL,
  `torneo_id` int(4) NOT NULL,
  `tipo_id` int(3) NOT NULL,
  `tipster_id` int(4) NOT NULL,
  `estado_id` int(2) NOT NULL,
  `descripcion` varchar(128) NOT NULL,
  `apuesta` varchar(64) NOT NULL,
  `cuota` decimal(5,3) NOT NULL,
  `importe` decimal(8,3) NOT NULL,
  `ganancia` decimal(8,3) DEFAULT NULL,
  `stake` decimal(3,1) DEFAULT NULL,
  PRIMARY KEY (`id`),
  KEY `fk_apuestas_casa` (`casa_id`),
  KEY `fk_apuestas_tipo` (`tipo_id`),
  KEY `fk_apuestas_tipster` (`tipster_id`),
  KEY `fk_apuestas_estado` (`estado_id`),
  KEY `fk_apuestas_torneo` (`torneo_id`),
  CONSTRAINT `fk_apuestas_casa` FOREIGN KEY (`casa_id`) REFERENCES `t_casas` (`id`) ON DELETE NO ACTION ON UPDATE NO ACTION,
  CONSTRAINT `fk_apuestas_estado` FOREIGN KEY (`estado_id`) REFERENCES `t_estados` (`id`) ON DELETE NO ACTION ON UPDATE NO ACTION,
  CONSTRAINT `fk_apuestas_tipo` FOREIGN KEY (`tipo_id`) REFERENCES `t_tipos` (`id`) ON DELETE NO ACTION ON UPDATE NO ACTION,
  CONSTRAINT `fk_apuestas_tipster` FOREIGN KEY (`tipster_id`) REFERENCES `t_tipsters` (`id`) ON DELETE NO ACTION ON UPDATE NO ACTION,
  CONSTRAINT `fk_apuestas_torneo` FOREIGN KEY (`torneo_id`) REFERENCES `t_torneos` (`id`) ON DELETE NO ACTION ON UPDATE NO ACTION
) ENGINE=InnoDB AUTO_INCREMENT=252 DEFAULT CHARSET=utf8;
/*!40101 SET character_set_client = @saved_cs_client */;

--
-- Dumping data for table `t_apuestas`
--

LOCK TABLES `t_apuestas` WRITE;
/*!40000 ALTER TABLE `t_apuestas` DISABLE KEYS */;
INSERT INTO `t_apuestas` VALUES (1,'2019-11-09','2019-11-09',1,1,10,1,3,'FC BARCELONA VS CELTA VIGO','+4.5 GOLES',1.780,2.000,1.560,2.0),(2,'2019-11-10','2019-11-10',1,2,1,1,4,'DEPORTIVO VS ELCHE','DEPORTIVO',1.950,0.300,-0.300,2.0),(3,'2019-11-10','2019-11-10',1,1,6,1,4,'BETIS VS SEVILLA','+80 PTS',1.950,0.200,-0.200,2.0),(4,'2019-11-12','2019-11-12',2,9,8,1,6,'CAMERUN VS COSTA MARFIL','CAMERUN -1.0',2.050,0.300,0.000,2.0),(5,'2019-11-10','2019-11-14',1,8,9,3,3,'REP. CHECA VS KOSOVO','KOSOVO +2.0',1.330,0.300,0.099,2.0),(6,'2019-11-08','2019-11-08',1,13,11,5,3,'LIVERPOOL VS GENK','VARIOS',1.770,0.500,0.385,2.0),(7,'2019-11-08','2019-11-08',1,12,8,5,3,'LLEIDA VS CACERES','CACERES HA +6.0',1.830,0.500,0.415,2.0),(8,'2019-11-09','2019-11-09',1,12,8,5,3,'OVIEDO VS PALENCIA','PALENCIA -2.5',1.830,0.500,0.415,2.0),(9,'2019-11-09','2019-11-09',1,4,12,7,4,'FUNBET VARIOS PARTIDOS','OVERS 2.5',36.000,0.200,-0.200,2.0),(10,'2019-11-10','2019-11-10',1,4,1,7,3,'TERUEL VS ROBRES','TERUEL',1.720,0.300,0.216,2.0),(11,'2019-11-12','2019-11-12',1,6,2,8,3,'GOYTRE VS TAFFS','+3.5',1.720,0.200,0.144,2.0),(12,'2019-11-12','2019-11-12',1,14,2,9,3,'LEISTON VS HEDNESFORD','+2.5',1.350,0.200,0.070,2.0),(13,'2019-11-12','2019-11-12',2,9,8,10,7,'REP. CHECA VS INGLATERRA','INGLATERRA -1.5',1.770,0.200,0.000,2.0),(14,'2019-11-12','2019-11-13',2,15,2,5,4,'CABAL/FARAH VS ROJER/TECAU','CABAL/FARAH',1.720,0.200,-0.200,2.0),(15,'2019-11-12','2019-11-12',2,14,2,4,4,'SCUNTHORPE VS SUNDERLAND','SUNDERLAND',1.660,0.400,-0.400,2.0),(16,'2019-11-12','2019-11-14',2,16,8,5,3,'BASKONIA VS MACCABI TEL AVIV','MACCABI +3.5',1.900,0.300,0.270,2.0),(18,'2019-11-13','2019-11-13',2,17,2,9,3,'EXPRESS FC VS KCCA FC','+2.5',2.420,0.100,0.142,2.0),(19,'2019-11-13','2019-11-13',2,18,13,1,4,'CARTAGENA VS FC. BARCELONA','SI',1.570,0.200,-0.200,2.0),(20,'2019-11-13','2019-11-13',1,20,13,11,3,'FC ANDORRA VS CE ANDRATX','NO',2.150,0.200,0.230,2.0),(21,'2019-11-13','2019-11-16',2,2,14,11,3,'ZARAGOZA VS ALBACETE','ZARAGOZA NO',1.660,6.000,3.960,10.0),(22,'2019-11-14','2019-11-15',1,8,13,5,4,'RUMANIA VS SUECIA','SI',1.900,0.200,-0.200,2.0),(23,'2019-11-14','2019-11-14',1,8,6,12,4,'INGLATERRA VS MONTENEGRO','+30 PUNTOS',2.000,0.200,-0.200,2.0),(24,'2019-11-14','2019-11-14',2,8,7,11,3,'PORTUGAL VS LITUANIA','-3.5',1.610,0.300,0.183,8.5),(25,'2019-11-14','2019-11-14',1,8,13,4,3,'INGLATERRA VS MONTENEGRO','NO',1.470,0.200,0.094,5.0),(26,'2019-11-14','2019-11-14',2,8,11,5,4,'FRANCIA VS MOLDAVIA','PRIMERO 7 COR. & +3.5GOL',1.820,0.200,-0.200,2.0),(27,'2019-11-14','2019-11-14',2,8,3,11,4,'ALBANIA VS ANDORRA','-2.5',1.950,0.200,-0.200,3.5),(28,'2019-11-14','2019-11-15',2,16,9,6,3,'CSKA MOSCU VS FENERBAHCE','CSKA -4.5',1.900,0.200,0.180,2.0),(30,'2019-11-14','2019-11-14',2,8,8,13,4,'FRANCIA VS MOLDAVIA','FRANCIA -4.0',1.850,0.200,-0.200,2.0),(31,'2019-11-15','2019-11-15',2,21,8,14,3,'ESPAÑA VS FRANCIA','FRANCIA +7.0',1.760,0.200,0.152,1.0),(32,'2019-11-15','2019-11-15',2,8,7,11,3,'NORUEGA VS ISLAS FEROE','-3.5',1.610,0.200,0.122,7.0),(33,'2019-11-15','2019-11-15',2,12,8,5,3,'REAL CANOE VS MELILLA','MELILLA -4.0',1.800,0.200,0.160,2.0),(34,'2019-11-15','2019-11-15',2,8,3,11,3,'ARMENIA VS GRECIA','-2.5',1.750,0.200,0.150,3.0),(35,'2019-11-15','2019-11-15',2,22,2,6,3,'LEVANTE DOMINICOS VS EL POZO MURCIA','+5.5',1.900,0.200,0.180,2.0),(36,'2019-11-15','2019-11-15',2,8,4,13,3,'BRASIL VS ARGENTINA','+8.5',1.720,0.200,0.144,2.0),(37,'2019-11-16','2019-11-16',2,4,1,5,4,'CRISTO ATLETICO VS NUMANCIA B','1X',1.720,0.200,-0.200,2.0),(38,'2019-11-16','2019-11-16',2,4,1,5,3,'RAYO CANTABRIA VS GIMNASTICA DE TORRELAVEGA','1X',1.900,0.200,0.180,2.0),(39,'2019-11-16','2019-11-17',2,11,8,6,3,'BILBAO BASKET VS REAL MADRID','BILBAO +9.5',1.900,0.200,0.180,2.0),(40,'2019-11-16','2019-11-16',2,1,3,11,4,'NUMANCIA VS RAYO VALLECANO','-2.5',1.660,0.200,-0.200,3.5),(41,'2019-11-16','2019-11-16',2,8,7,11,3,'ALEMANIA VS BIELORRUSIA','-2.5',2.200,0.200,0.240,7.5),(42,'2019-11-16','2019-11-16',2,8,8,1,3,'ALEMANIA VS BIELORRUSIA','ALEMANIA -2.5,-3.0',1.550,0.200,0.110,2.0),(43,'2019-11-16','2019-11-17',2,12,8,5,4,'LEYMA CORUNA VS PALENCIA','PALENCIA -2.5',1.830,0.200,-0.200,2.0),(44,'2019-11-16','2019-11-16',2,4,8,2,4,'CAUDAL VS UC CEARES','CAUDAL -0.0,-0.5',2.000,0.200,-0.200,2.0),(45,'2019-11-17','2019-11-17',2,8,7,11,7,'ANDORRRA VS TURQUÍA','-4.0',1.750,0.800,0.000,8.0),(46,'2019-11-17','2019-11-17',2,5,13,11,4,'MIRANDES VS LAS PALMAS','NO',1.610,0.200,-0.200,2.0),(47,'2019-11-17','2019-11-17',2,8,2,4,4,'ALBANIA VS FRANCIA','+2.5',1.750,0.300,-0.300,8.0),(48,'2019-11-18','2019-11-18',2,8,7,11,3,'ITALIA VS ARMENIA','-3.5',1.720,0.200,0.144,7.0),(49,'2019-11-18','2019-11-18',2,8,8,11,3,'GRECIA VS FINLANDIA','CORNERS+9.0',1.825,0.200,0.165,5.0),(50,'2019-11-18','2019-11-18',1,8,8,15,4,'IRLANDA VS DINAMARCA','TARJETAS +40PTS',1.825,0.200,-0.200,3.0),(51,'2019-11-18','2019-11-18',2,8,8,1,4,'ESPAÑA VS RUMANIA','+2.5',1.825,0.200,-0.200,3.0),(52,'2019-11-18','2019-11-21',2,23,11,5,3,'CAMPEONES GRUPO','AUSTRALIA & GRAN BRETAÑA',1.690,0.200,0.138,2.0),(53,'2019-11-18','2019-11-18',2,8,6,3,3,'ESPAÑA VS RUMANIA','ESPAÑA +0.5',1.720,0.400,0.288,4.0),(54,'2019-11-18','2019-11-19',2,16,8,6,3,'ALBA BERLIN VS ESTRELLA ROJA','ALBA -5.5',1.900,0.200,0.180,2.0),(55,'2019-11-19','2019-11-19',1,16,2,5,3,'REAL MADRID VS BC KHIMKI','+167.5',1.800,0.500,0.400,2.0),(56,'2019-11-19','2019-11-19',2,8,8,11,3,'HOLANDA VS ESTONIA','TARJETAS -3.0',1.800,0.500,0.400,8.0),(57,'2019-11-19','2019-11-19',2,8,8,1,4,'GALES VS HUNGRIA','TARJETAS +6',1.800,0.200,-0.200,2.0),(58,'2019-11-19','2019-11-19',2,8,2,11,7,'SAN MARINO VS RUSIA','+5.5',1.800,0.200,0.100,2.0),(60,'2019-11-19','2019-11-19',2,15,0,16,3,'HERBERT/MAHUT VS MCLACHLAN/UCHIYAMA','1JUEGO CON SERV. WIN 0 o 15',1.830,0.200,0.166,3.0),(61,'2019-11-19','2019-11-19',2,15,0,16,7,'HERBERT/MAHUT VS MCLACHLAN/UCHIYAMA','1ER. SET JUG B ROMPARA SERVICIO - NO',1.660,0.200,0.100,3.0),(62,'2019-11-19','2019-11-19',2,8,11,3,3,'GALES VS HUNGRIA','TARJETA +1 GAL - TARJETA +1 HUN',1.500,0.200,0.100,4.0),(63,'2019-11-19','2019-11-19',2,8,11,5,4,'SAN MARINO VS RUSIA','CREAR APUETA - VARIOS',1.660,0.200,-0.200,2.0),(64,'2019-11-20','2019-11-20',1,15,1,17,7,'MAYO/PEREZ VS DIALLO/HURRION','DIALLO/HURRION',2.250,0.300,0.310,3.0),(65,'2019-11-19','2019-11-19',2,15,1,17,7,'PUCHES VS ALMEIDA','ALMEIDA',2.100,0.200,0.200,3.0),(66,'2019-11-19','2019-11-19',2,23,1,16,3,'NADAL VS KHACHANOV','NADAL 2-0',1.570,0.200,0.120,3.0),(67,'2019-11-19','2019-11-19',1,15,1,17,7,'KALOVELONIS VS BOTHWELL','KALOVELONIS',2.350,0.300,0.310,3.0),(68,'2019-11-20','2019-11-20',2,24,1,4,4,'WYCOMBE VS TRANMERE','WYCOMBE',1.600,0.400,-0.400,4.0),(69,'2019-11-20','2019-11-20',2,15,0,16,3,'GONZALEZ/MAYER VS KRAWIETZ/MIEZ','GONZALEZ/MAYER - NO ROMPER 1ER SET',1.570,0.500,0.285,3.0),(70,'2019-11-20','2019-11-21',2,16,9,5,4,'VALENCIA VS KHIMKI','KHIMKI -2.5',1.900,0.200,-0.200,2.0),(71,'2019-11-20','2019-11-20',2,23,1,18,4,'EE.UU. VS ITALIA','ITALIA',2.000,0.200,-0.200,2.0),(72,'2019-11-20','2019-11-20',2,23,1,16,3,'RAFAEL NADAL VS BORNA GOJO','NADAL GANARA 1ER SERV. A 0/15',1.500,0.300,0.150,3.0),(73,'2019-11-20','2019-11-20',2,15,1,17,7,'HINSCHING VS CONSTANT DE LA BASSETIERE','BASSETIERE',1.330,0.400,-0.140,3.0),(74,'2019-11-20','2019-11-20',2,15,1,16,7,'NIKOLA MEKTIC VS ROBERTO BAUTISTA','NIKOLA MEKTIC -5.5 JUEGOS',1.720,0.400,0.230,3.0),(75,'2019-11-21','2019-11-23',2,7,8,12,4,'BRIGHTON VS LEICESTER','TOTAL TARJETAS HA+4.0',1.950,0.200,-0.200,2.0),(76,'2019-11-21','2019-11-21',1,25,2,11,3,'AMBERES VS GANTE','+2.5',1.600,0.300,0.180,3.0),(77,'2019-11-21','2019-11-21',2,15,1,17,3,'YUICHIRO INUI VS SAGADAT AYAP','INUI',3.000,0.200,0.400,2.0),(78,'2019-11-21','2019-11-21',2,15,0,16,7,'EVANS VS BUBLIK','BUBLIK GANA 1 SET',1.500,2.500,0.570,3.0),(79,'2019-11-21','2019-11-21',2,15,0,16,4,'MINAUR VS SHAPOVALOV','MINAUR 1ER SET H+1.5',1.500,0.500,-0.500,3.0),(80,'2019-11-21','2019-11-21',2,15,0,18,4,'BEGEMANN/MASUR VS BRKIC/PAVIC','BRKIC/PAVIC LIVE',2.000,0.100,-0.100,2.0),(81,'2019-11-21','2019-11-21',2,15,0,16,3,'PEERS/THOMPSON VS POSPISIL/SHAPOVALOV','POSP/SHAP 1ER SET SERV. GANARA 0/15',1.830,0.200,0.166,2.0),(82,'2019-11-21','2019-11-24',1,23,0,5,3,'COPA DAVIS 2019','ESPAÑA CAMPEONA',2.250,0.200,0.250,2.0),(83,'2019-11-21','2019-11-24',2,3,1,19,3,'GIMNASTIC VS EJEA','GIMNASTIC',1.720,0.200,0.144,2.0),(84,'2019-11-22','2019-11-22',1,12,9,14,3,'CASTELLO VS CACERES','CACERES +3.5',1.800,0.200,0.160,1.0),(85,'2019-11-22','2019-11-22',1,2,4,11,4,'SPORTING VS TENERIFE','+9.5',2.000,0.400,-0.400,5.0),(86,'2019-11-22','2019-11-23',2,1,1,1,4,'FCB / ATM / RMA','PIERDEN O EMPATAN',14.150,0.200,-0.200,2.0),(87,'2019-11-25','2019-11-25',2,0,13,11,3,'SPAL VS GENOA','SI',1.800,0.300,0.240,3.0),(88,'2019-11-25','2019-11-23',1,26,3,1,4,'CHICAGO BULLS VS CHARLOTTE HORNETS','-218.5',1.900,0.200,-0.200,2.0),(90,'2019-11-25','2019-11-22',2,23,11,1,4,'ARG VS ESP / SERBIA VS RUSIA','ESP / SER',1.960,0.400,-0.400,4.0),(91,'2019-11-25','2019-11-23',2,7,11,3,4,'M.CITY VS CHELSEA','VARIOS',1.800,0.400,-0.400,4.0),(92,'2019-11-25','2019-11-23',2,23,1,16,4,'KAREN KHACHANOV VS DENIS SHAPOVALOV','KHACHANOV',1.900,0.300,-0.300,3.0),(93,'2019-11-25','2019-11-24',2,4,11,7,4,'VARIOS TERCERA','VARIOS',3.270,0.200,-0.200,2.0),(94,'2019-11-25','2019-11-23',2,2,13,1,3,'RACING SANTANDER VS EXTREMADURA','NO',1.720,0.300,0.216,3.0),(95,'2019-11-25','2019-11-23',2,12,9,5,4,'OURENSE VS PENAS HUESCA','OURENSE -3.5',1.830,0.300,-0.300,3.0),(96,'2019-11-25','2019-11-23',2,23,0,16,3,'DANIEL EVANS VS RAFAEL NADAL','-18.5 JUEGOS',2.000,0.200,0.200,2.0),(97,'2019-11-25','2019-11-24',2,1,0,11,3,'OSASUNA VS ATH. BILBAO','EMPATE APUESTA NO VALIDA, ATH. BILBAO',2.000,0.450,0.450,4.5),(98,'2019-11-25','2019-11-24',2,1,4,1,3,'EIBAR VS ALAVES','+0.5 ENTRE MIN. 10:00 - 19:59',1.570,0.200,0.114,2.0),(99,'2019-11-25','2019-11-24',2,23,1,16,3,'FELIX AUGER ALIASSIME VS ROBERTO BAUTISTA','BAUTISTA',1.610,0.400,0.244,4.0),(121,'2019-11-26','2019-11-27',2,13,6,19,3,'VALENCIA VS CHELSEA','+4.5',1.900,0.200,0.180,2.0),(122,'2019-11-26','2019-11-25',2,7,11,1,4,'ASTON VILLA VS NEWCASTLE','COMBINADA DE TARJETAS',1.400,0.200,-0.200,2.0),(123,'2019-11-26','2019-11-26',2,27,1,20,3,'LIMOGES VS BOURG','BOURG',2.250,0.200,0.250,2.0),(124,'2019-11-26','2019-11-26',1,13,0,5,4,'REAL MADRID VS PSG','ANGE DI MARIA TARJETA AMARILLA',2.000,0.200,-0.200,2.0),(125,'2019-11-26','2019-11-26',1,13,0,5,4,'REAL MADRID VS PSG','MARCO VERRATTI TARJETA AMARILLA',1.700,0.200,-0.200,2.0),(126,'2019-11-26','2019-11-26',2,13,11,5,3,'REAL MADRID VS PSG','APUESTA CREADA',1.730,0.200,0.146,2.0),(128,'2019-11-26','2019-11-26',2,13,6,11,4,'REAL MADRID VS PSG','RMA +1.5 TARJETAS AL EQUIPO',1.660,0.400,-0.400,4.0),(134,'2019-11-26','2019-11-26',2,28,3,21,3,'BROSE BAMBERG VS S. OLIVER WURZBURG','-169.5',1.620,0.200,0.124,2.0),(135,'2019-11-26','2019-11-26',2,13,4,13,3,'REAL MADRID VS PSG','RMA +5',1.800,0.200,0.160,2.0),(136,'2019-11-27','2019-11-27',1,0,1,19,4,'VALENCIA SUB19 VS CHELSEA SUB19','CHELSEA S19 EMPATE NO VALIDO',1.450,0.200,-0.200,2.0),(137,'2019-11-27','2019-11-27',2,0,8,23,3,'QUEENS PARK RANGERS VS NOTTINGHAM FOREST','NOTTINGHAM +0.5',1.675,0.200,0.135,5.0),(138,'2019-11-27','2019-11-27',2,0,1,23,3,'MIDDLESBROUGH VS BARNSLEY','MIDDLESBROUGH',1.900,0.200,0.180,5.0),(139,'2019-11-27','2019-11-27',2,13,11,22,3,'LILLE VS AJAX / S.PRAGA VS I. MILAN','X2 - IMI EMPATE NO VALIDO',2.020,0.200,0.204,2.0),(141,'2019-11-27','2019-11-27',2,13,11,24,3,'SLAVIA VS I. MILAN','CREADA A MEDIDA',1.660,0.200,0.132,5.0),(142,'2019-11-27','2019-11-27',1,13,0,1,4,'FC. BARCELONA VS B. DORTMUND','FCB GANA 2-0/2-1/3-0',3.500,0.200,-0.200,2.0),(143,'2019-11-27','2019-11-27',2,13,11,3,3,'LIVERPOOL VS NAPOLES','-6 TARJETAS & -29.5 TIROS LIBRES',1.660,0.200,0.132,4.0),(144,'2019-11-27','2019-11-27',2,15,1,17,3,'KAJURU-PULCHARTOVA VS SIERRA-ROBBE','KAJURU GANARA 2DO.SET',2.100,0.200,0.220,2.0),(145,'2019-11-28','2019-11-27',1,13,1,1,4,'LIVERPOOL VS NAPOLES','LIVERPOOL (LIVE)',2.300,0.200,-0.200,2.0),(146,'2019-11-28','2019-11-27',2,15,1,17,4,'HERNAN CASANOVA VS THIAGO CIGARRAN','CASANOVA',4.500,0.200,-0.200,1.5),(147,'2019-11-28','2019-11-28',2,26,9,25,3,'OKC THUNDER VS POR TRAIL BLAZERS','POR -2.5',1.900,0.200,0.180,2.0),(148,'2019-11-28','2019-11-28',2,30,2,23,3,'AZ VS PARTIZAN BELGRADO','+2.5',1.530,0.200,0.106,5.0),(149,'2019-11-28','2019-11-28',2,30,8,23,3,'SEVILLA VS FK QARABARG','SEVILLA -1.0',1.625,0.200,0.125,5.0),(150,'2019-11-28','2019-11-28',2,30,11,22,4,'ASTANA VS MUN & ARS VS E.FRANK.','MUN +0.5 & ARS +0.5',1.660,0.200,-0.200,2.0),(151,'2019-11-28','2019-11-28',2,30,8,5,8,'TRANZOSPOR VS GETAFE','GETAFE -1',1.900,0.200,0.000,2.0),(152,'2019-11-28','2019-11-28',2,30,13,11,3,'BRAGA VS WOLVERHAMPTON','SI',1.950,0.450,0.428,4.5),(153,'2019-11-28','2019-11-28',2,30,0,27,8,'ISTANBUL VS ROMA','LINEA DE GOL -3.0',1.575,0.200,0.000,5.0),(154,'2019-11-28','2019-11-28',2,30,1,27,3,'WOLFSBERGER VS B.MONCHENGLADBACH','B.MONCH.',1.650,0.200,0.130,5.0),(155,'2019-11-29','2019-11-28',2,30,11,29,4,'COMBINADA 4 PARTIDOS','4 PARTIDOS',3.280,0.200,-0.200,2.0),(156,'2019-11-29','2019-11-28',2,16,3,6,3,'FENERBACHE VS KHIMKI','-176.5',1.860,0.200,0.172,2.0),(157,'2019-11-29','2019-11-28',2,30,4,30,3,'BESIKTAS VS SLOVAN BRATISLAVA','+6 CORNERS ASIATICOS',2.025,0.200,0.205,2.0),(158,'2019-11-29','2019-11-28',1,30,13,1,3,'SEVILLA VS QARABAG FK','NO',2.100,1.800,1.980,2.0),(159,'2019-11-29','2019-11-28',1,30,13,22,3,'YOUNG BOYS VS OPORTO','SI - LIVE',1.800,0.200,0.160,2.0),(160,'2019-11-29','2019-11-29',2,1,2,5,4,'CELTA VS VALLADOLID','CELTA +1.0',2.000,0.200,-0.200,2.0),(161,'2019-11-29','2019-11-29',2,0,2,23,3,'B. MUNICH II VS CARL ZEISS JENA','+2.5',1.570,0.200,0.114,5.0),(162,'2019-11-29','2019-11-29',2,0,8,23,4,'SV DROCHTERSEN VS ASSEL','DROCH -1.0',1.600,0.200,-0.200,3.0),(163,'2019-11-29','2019-11-29',2,26,8,29,4,'BROOKLYN NET VS B. CELTIC','CELTIC +2.5',1.380,0.200,-0.200,3.0),(164,'2019-11-29','2019-11-29',2,16,8,29,3,'ZENIT S. PETERS. VS REAL MADRID','REAL MADRID -3.5',1.450,0.200,0.090,3.0),(165,'2019-11-29','2019-11-29',2,26,11,24,4,'COMBINADA','BARCELONA & PORTLAND',1.768,0.200,-0.200,2.0),(166,'2019-11-30','2019-11-29',2,1,2,29,4,'CELTA DE VIGO VS VALLADOLID','+0.5',1.900,0.200,-0.200,2.0),(167,'2019-11-30','2019-11-29',2,16,2,29,4,'FC BARCELONA VS CSKA MOSCU','FCB +19.5',2.700,0.200,-0.200,2.0),(168,'2019-11-30','2019-11-29',2,26,11,31,4,'COMBINADA NBA','COMBINADA 4 PARTIDOS',5.610,0.200,-0.200,1.0),(169,'2019-11-30','2019-11-30',2,32,1,23,4,'KASHIMA VS V. KOBE','KAS',1.550,0.200,-0.200,5.0),(170,'2019-11-30','2019-11-29',1,2,13,11,3,'NUMANCIA VS MALAGA','NO - BONO',1.720,2.000,1.440,3.5),(171,'2019-11-30','2019-11-30',2,12,11,5,3,'COMBINADA','COMBINADA',1.870,0.200,0.174,2.0),(172,'2019-11-30','2019-11-30',2,4,1,19,3,'RAYO CANTABRIA VS TEXTIL ESCUDO','RAYO CANTABRIA',1.530,0.200,0.106,2.0),(173,'2019-11-30','2019-11-30',2,1,1,29,3,'REAL SOCIEDAD VS EIBAR','REAL SOCIEDAD',1.720,0.200,0.144,2.5),(174,'2019-11-30','2019-11-30',2,2,1,29,3,'ALCORCON VS HUESCA','HUESCA (SIN EMPATE)',1.610,0.200,0.122,3.0),(175,'2019-12-01','2019-11-30',2,0,11,22,3,'COMBINADA','COMBINADA',1.770,0.200,0.154,2.0),(176,'2019-12-01','2019-11-30',2,1,11,30,4,'COMBINADA','COMBINADA',1.840,0.200,-0.200,2.0),(177,'2019-12-01','2019-11-30',2,4,11,5,3,'COVADONGA & LLANES','COVADONGA & LLANES',2.060,0.200,0.212,2.0),(178,'2019-12-02','2019-12-01',2,1,11,5,4,'ATM VS FCB CREAR APUESTA','APUESTA CREADA',1.720,0.200,-0.200,2.0),(179,'2019-12-02','2019-11-30',2,7,11,29,3,'LIV && TOT','LIV & TOT',1.620,0.200,0.124,2.0),(180,'2019-12-02','2019-11-30',2,0,1,23,4,'HIBERNIAN','HIBERNIAN',2.100,0.200,-0.200,2.0),(181,'2019-12-02','2019-11-30',2,0,1,23,3,'ABERDEEN','ABERDEEN',1.570,0.200,0.114,2.0),(182,'2019-12-02','2019-11-30',2,0,1,23,4,'NOTTINGHAM','NOTTINGHAM',1.525,0.200,-0.200,2.0),(183,'2019-12-02','2019-11-30',2,0,1,23,3,'DERBY COUNTY','DERBY',1.550,0.200,0.110,2.0),(184,'2019-12-02','2019-11-30',2,0,1,23,4,'BURNLEY','BURNLEY',2.150,0.200,-0.200,2.0),(185,'2019-12-02','2019-11-30',2,4,1,32,3,'ATZENETA VS CREVILLENTE','ATZENETA',1.900,0.200,0.180,2.0),(186,'2019-12-02','2019-11-30',2,0,11,3,3,'BMU VS BLEV','CREAR APUESTA',1.610,0.200,0.122,2.0),(187,'2019-12-02','2019-12-01',2,0,13,24,4,'I. MILAN VS SPAL','NO',1.660,0.200,-0.200,5.0),(188,'2019-12-02','2019-11-30',2,10,0,0,4,'LOGROÑO FEM.','EQUIVOCACION',1.850,0.200,-0.200,2.0),(189,'2019-12-02','2019-11-30',2,2,1,29,3,'TENERIFE VS ALMERIA','X2',1.570,0.200,0.114,2.0),(190,'2019-12-02','2019-12-01',2,1,11,22,3,'ATM && LUG','COMBINADA',1.640,0.200,0.128,2.0),(191,'2019-12-02','2019-12-01',2,1,4,13,3,'ATM VS FCB','+9.5',1.900,0.200,0.180,2.0),(192,'2019-12-02','2019-12-01',2,2,1,19,4,'ALBACETE B VS MADRIDEJOS','ALBACETE B (LIVE)',1.610,0.200,-0.200,2.0),(193,'2019-12-02','2019-12-01',2,1,1,30,4,'ESPAÑOL VS OSASUNA','ESPAÑOL -0.5 (LIVE)',1.830,0.200,-0.200,2.0),(194,'2019-12-02','2019-12-01',2,1,0,31,3,'ATM VS FCB','TARJETA AMARILLA ANTES DEL MIN. 24',1.830,0.200,0.166,2.0),(195,'2019-12-02','2019-12-01',2,26,3,21,4,'JAZZ VS RAPTORS','-213.5',1.620,0.200,-0.200,2.0),(196,'2019-12-02','2019-12-01',2,33,1,17,3,'PACKETS VS GIANTS','PACKETS',1.310,0.200,0.062,2.0),(197,'2019-12-02','2019-11-30',1,1,2,11,3,'ALAVES VS R. MADRID','+2.5',1.600,1.000,0.600,2.0),(198,'2019-12-02','2019-12-02',2,0,4,23,3,'CAGLIARI VS SAMPDORIA','+9.0',1.610,0.200,0.122,7.0),(199,'2019-12-02','2019-12-02',1,0,3,11,3,'MAINZ VS E. FRANKFURT','-3.5',1.570,0.450,0.257,4.5),(200,'2019-12-02','2019-12-02',2,0,1,29,4,'CSKA MOSCU VS TULA','CSKA',1.530,0.200,-0.200,3.0),(201,'2019-12-02','2019-12-02',2,0,11,29,4,'FC KRASNODAR && FC MIDTYLLAND','FC KRASNODAR && FC MIDTYLLAND',1.990,0.200,-0.200,2.5),(202,'2019-12-02','2019-12-02',2,0,11,22,3,'MAINZ && CAGLIARI','MAINZ && CAGLIARI',1.500,0.200,0.100,2.0),(203,'2019-12-02','2019-12-02',2,0,4,33,4,'FC BOTOSANI VS VIITORUL CONSTANTA','+8.0',1.660,0.200,-0.200,2.0),(204,'2019-12-03','2019-12-03',2,12,1,5,4,'FORÇA LLEIDA VS OVIEDO','LLEIDA - LLEIDA',1.830,0.200,-0.200,2.0),(205,'2019-12-03','2019-12-03',2,0,11,34,3,'M.CITY && GIR.BURD.','M.CITY && GIR.BURD.',1.660,0.200,0.132,4.0),(206,'2019-12-03','2019-12-03',2,7,4,35,3,'C. PALACE VS BOURNEMOUTH','+10',1.660,0.200,0.132,5.0),(207,'2019-12-03','2019-12-03',2,15,1,18,3,'KACHMAZOV VS TRINKER','KACHMAZOV LIVE',1.570,0.200,0.114,2.0),(208,'2019-12-03','2019-12-03',1,0,3,11,3,'ANGERS VS MARSELLA','-2.5',1.660,0.300,0.198,3.0),(209,'2019-12-03','2019-12-03',2,0,11,36,4,'SASSARI & M.CITY','SASSARI & M.CITY',1.570,0.200,-0.200,3.5),(210,'2019-12-03','2019-12-03',2,0,11,22,3,'LENS & BURDEOX','EMPATE NO VALIDO',1.570,0.200,0.114,2.0),(211,'2019-12-03','2019-12-03',2,0,11,29,4,'LYON & BURDEOX','LYON & BURDEOX',1.960,0.200,-0.200,8.0),(212,'2019-12-03','2019-12-03',2,7,0,3,3,'BURNLEY VS M.CITY','TARJETAS & TIROS LIBRES',1.720,0.200,0.144,2.0),(213,'2019-12-03','2019-12-03',2,34,9,37,4,'BENIDORM VS ADEMAR LEÓN','BENIDORM +3 (MODIF.)',1.950,0.200,-0.200,10.0),(214,'2019-12-03','2019-12-03',2,7,0,13,3,'BURNLEY VS M.CITY','CORNER ANTES DEL MIN. 8',1.800,0.200,0.160,3.0),(215,'2019-12-04','2019-12-04',2,26,8,25,4,'MIA VS TOR','TOR -4.5',1.900,0.200,-0.200,1.0),(216,'2019-12-04','2019-12-04',2,14,11,36,4,'LIVERPOOL & M.UNITED','LIV & CREAR APUESTA M.UN.',1.740,0.200,-0.200,3.0),(217,'2019-12-04','2019-12-04',2,34,11,37,3,'MONTENEGRO (F) & FRANCIA (F)','MONTENEGRO (F) & FRANCIA (F)',1.710,0.200,0.142,2.0),(218,'2019-12-04','2019-12-04',2,7,8,23,3,'M.UNITED VS TOTTENHAM','MUN. +0.0',1.940,0.200,0.188,5.0),(219,'2019-12-04','2019-12-04',2,7,2,35,3,'CHELSEA VS A. VILLA','+10',1.660,0.200,0.132,3.0),(220,'2019-12-04','2019-12-04',2,7,4,35,4,'SOUTHAMPTON VS NORWICH','+10',1.720,0.200,-0.200,5.0),(221,'2019-12-04','2019-12-04',2,7,11,34,3,'M.UNITED & LIVERPOOL','MUN PORTERIA 0 NO & LIV. +1.5',1.500,0.200,0.100,6.0),(222,'2019-12-04','2019-12-04',2,15,1,17,6,'ALEJANDRO GARCIA VS DALIBOR SVRCINA','ALEJANDRO',2.050,0.300,0.000,2.0),(223,'2019-12-04','2019-12-04',1,0,3,11,3,'PSG VS NANTES','-3.5',1.620,0.350,0.217,3.5),(224,'2019-12-04','2019-12-04',2,15,1,17,3,'SAHAR - GRAMATICOPOLO','GRAMATICOPOLO',1.750,0.200,0.150,3.0),(225,'2019-12-04','2019-12-04',2,7,7,22,3,'LIVERPOOL VS EVERTON','-6.0',1.500,0.200,0.100,2.0),(226,'2019-12-04','2019-12-04',1,4,1,29,4,'REAL OVIEDO B VS AT. MADRID B','ATMB SIN EMPATE',1.500,0.250,-0.250,2.5),(227,'2019-12-04','2019-12-04',2,34,1,37,3,'ANAITASUNA VS BM NAVA','ANAITASUNA',1.450,0.200,0.090,8.0),(228,'2019-12-04','2019-12-04',2,15,1,17,3,'DANI MARTIN VS THIAGO CIGARRAN','DANI MARTIN',1.500,0.200,0.100,2.0),(229,'2019-12-04','2019-12-05',2,7,0,24,2,'ARSENAL VS BRIGHTON','LEWIS DUNK +60.5 PASES',1.530,0.200,NULL,2.0),(230,'2019-12-04','2019-12-04',2,3,2,29,3,'R OVIEDO B VS AT. MADRID B','+4.5 LIVE',2.620,0.200,0.324,2.0),(231,'2019-12-04','2019-12-04',2,4,1,32,4,'REAL MURCIA B VS MAZARRON','R. MURCIA , EMPATE NO VALIDO',1.500,0.200,-0.200,2.0),(232,'2019-12-04','2019-12-04',2,7,11,3,4,'LEICESTER VS WATFORD','CREADA',1.720,0.200,-0.200,2.0),(233,'2019-12-04','2019-12-04',2,16,2,21,3,'ZARAGOZA VS BRINDISI','+160.5',1.640,0.200,0.128,2.0),(234,'2019-12-05','2019-12-04',2,4,8,2,3,'UD SAN FERNADO VS VILLA STA BRIGIDA','SAN FERNANDO -0.5,-1.0',1.950,0.200,0.190,2.0),(235,'2019-12-05','2019-12-05',2,26,1,25,3,'SAC VS POR','POR',1.540,0.200,0.108,2.0),(236,'2019-12-05','2019-12-04',2,7,4,33,3,'LIVERPOOL VS EVERTON','+0.5 MIN 70-79 LIVE',1.440,0.200,0.088,2.0),(237,'2019-12-05','2019-12-04',2,15,1,17,3,'SMITH/STALDER VS KIRKOV/LABRADOR','SMITH/STALDER',1.570,0.200,0.114,2.0),(238,'2019-12-05','2019-12-05',2,7,4,35,2,'ARSENAL VS BRIGHTON','+10 (MODIF.)',1.610,0.200,NULL,2.0),(239,'2019-12-05','2019-12-05',2,7,1,35,2,'ARSENAL VS BRIGHTON','ARSENAL',1.570,0.200,NULL,2.0),(240,'2019-12-05','2019-12-05',2,16,1,29,2,'CSKA MOSCU VS ZALGIRIS','CSKA - CSKA',1.520,0.200,NULL,2.0),(241,'2019-12-05','2019-12-05',2,34,1,37,3,'SERBIA VS HOLANDA (FEM)','HOLANDA',1.520,0.200,0.104,2.0),(242,'2019-12-05','2019-12-05',2,0,11,27,2,'BESITKAS & ARSENAL','BESITKAS DES/FINAL & ARSENAL 0.0',1.710,0.200,NULL,2.0),(243,'2019-12-05','2019-12-05',2,0,11,27,2,'CAGLIARI & OPORTO','CAGLIARI SE CLAS. & OPORTO -1.0',1.760,0.200,NULL,2.0),(244,'2019-12-05','2019-12-05',1,15,1,17,3,'L. GELHARDT VS P. KOBELT','GELHARDT',1.500,0.500,0.250,3.0),(245,'2019-12-05','2019-12-05',2,0,12,27,2,'FUNBET','FUNBET',7.690,0.200,NULL,2.0),(247,'2019-12-05','2019-12-05',1,7,1,11,2,'ARSENAL VS BRIGHTON','ARSENAL',1.520,0.400,NULL,4.0),(248,'2019-12-05','2019-12-05',2,15,11,18,4,'DONSKI & TIFFON','DONSKI & TIFFON',2.010,0.200,-0.200,2.0),(249,'2019-12-05','2019-12-05',2,15,1,18,4,'MATT KUHAR VS SIMON YITBAREK','KUHAR',1.720,0.200,-0.200,2.0),(250,'2019-12-05','2019-12-05',2,0,0,29,4,'IRAK VS BAHREIN','IRAK SE CLASIFICARÁ (LIVE)',1.750,0.300,-0.300,7.0),(251,'2019-12-05','2019-12-05',2,3,3,5,2,'ALGECIRAS VS RB LINENSE','-2.5',1.900,0.200,NULL,2.0);
/*!40000 ALTER TABLE `t_apuestas` ENABLE KEYS */;
UNLOCK TABLES;

--
-- Table structure for table `t_apuestas_virtuales`
--

DROP TABLE IF EXISTS `t_apuestas_virtuales`;
/*!40101 SET @saved_cs_client     = @@character_set_client */;
/*!40101 SET character_set_client = utf8 */;
CREATE TABLE `t_apuestas_virtuales` (
  `id` int(8) NOT NULL AUTO_INCREMENT,
  `fecha_alta` date NOT NULL,
  `fecha_evento` date NOT NULL,
  `torneo_id` int(4) NOT NULL,
  `tipo_id` int(3) NOT NULL,
  `tipster_id` int(4) NOT NULL,
  `estado_id` int(2) NOT NULL,
  `descripcion` varchar(128) NOT NULL,
  `apuesta` varchar(64) NOT NULL,
  `cuota` decimal(5,3) NOT NULL,
  `importe` decimal(8,3) NOT NULL,
  `ganancia` decimal(8,3) DEFAULT NULL,
  `stake` decimal(3,1) DEFAULT NULL,
  `apuesta_id` int(8) DEFAULT NULL,
  PRIMARY KEY (`id`),
  KEY `fk_apuestas_virt_tipo` (`tipo_id`),
  KEY `fk_apuestas_virt_tipster` (`tipster_id`),
  KEY `fk_apuestas_virt_estado` (`estado_id`),
  KEY `fk_apuestas_virt_torneo` (`torneo_id`),
  CONSTRAINT `fk_apuestas_virt_estado` FOREIGN KEY (`estado_id`) REFERENCES `t_estados` (`id`) ON DELETE NO ACTION ON UPDATE NO ACTION,
  CONSTRAINT `fk_apuestas_virt_tipo` FOREIGN KEY (`tipo_id`) REFERENCES `t_tipos` (`id`) ON DELETE NO ACTION ON UPDATE NO ACTION,
  CONSTRAINT `fk_apuestas_virt_tipster` FOREIGN KEY (`tipster_id`) REFERENCES `t_tipsters` (`id`) ON DELETE NO ACTION ON UPDATE NO ACTION,
  CONSTRAINT `fk_apuestas_virt_torneo` FOREIGN KEY (`torneo_id`) REFERENCES `t_torneos` (`id`) ON DELETE NO ACTION ON UPDATE NO ACTION
) ENGINE=InnoDB AUTO_INCREMENT=7 DEFAULT CHARSET=utf8;
/*!40101 SET character_set_client = @saved_cs_client */;

--
-- Dumping data for table `t_apuestas_virtuales`
--

LOCK TABLES `t_apuestas_virtuales` WRITE;
/*!40000 ALTER TABLE `t_apuestas_virtuales` DISABLE KEYS */;
INSERT INTO `t_apuestas_virtuales` VALUES (2,'2019-12-05','2019-12-05',7,1,11,2,'ARSENAL VS BRIGHTON','ARSENAL',1.520,4.000,NULL,4.0,247),(3,'2019-12-05','2019-12-05',15,11,18,4,'DONSKI & TIFFON','DONSKI & TIFFON',2.010,2.000,-2.000,2.0,248),(4,'2019-12-05','2019-12-05',15,1,18,4,'MATT KUHAR VS SIMON YITBAREK','KUHAR',1.720,2.000,-2.000,2.0,249),(5,'2019-12-05','2019-12-05',0,0,29,4,'IRAK VS BAHREIN','IRAK SE CLASIFICARÁ (LIVE)',1.750,7.000,-7.000,7.0,250),(6,'2019-12-05','2019-12-05',3,3,5,2,'ALGECIRAS VS RB LINENSE','-2.5',1.900,2.000,NULL,2.0,251);
/*!40000 ALTER TABLE `t_apuestas_virtuales` ENABLE KEYS */;
UNLOCK TABLES;

--
-- Table structure for table `t_casas`
--

DROP TABLE IF EXISTS `t_casas`;
/*!40101 SET @saved_cs_client     = @@character_set_client */;
/*!40101 SET character_set_client = utf8 */;
CREATE TABLE `t_casas` (
  `id` int(2) NOT NULL,
  `descripcion` varchar(32) NOT NULL,
  `url` varchar(128) NOT NULL,
  `cantidad` decimal(9,3) NOT NULL,
  PRIMARY KEY (`id`)
) ENGINE=InnoDB DEFAULT CHARSET=utf8;
/*!40101 SET character_set_client = @saved_cs_client */;

--
-- Dumping data for table `t_casas`
--

LOCK TABLES `t_casas` WRITE;
/*!40000 ALTER TABLE `t_casas` DISABLE KEYS */;
INSERT INTO `t_casas` VALUES (0,'OTRAS','',0.000),(1,'BETFAIR','http://www.betfair.es',16.391),(2,'BET365','http://www.bet365.es',14.612),(3,'SPORTIUM','https://sports.sportium.es/es',5.000);
/*!40000 ALTER TABLE `t_casas` ENABLE KEYS */;
UNLOCK TABLES;

--
-- Table structure for table `t_deportes`
--

DROP TABLE IF EXISTS `t_deportes`;
/*!40101 SET @saved_cs_client     = @@character_set_client */;
/*!40101 SET character_set_client = utf8 */;
CREATE TABLE `t_deportes` (
  `id` int(2) NOT NULL,
  `descripcion` varchar(32) NOT NULL,
  PRIMARY KEY (`id`)
) ENGINE=InnoDB DEFAULT CHARSET=utf8;
/*!40101 SET character_set_client = @saved_cs_client */;

--
-- Dumping data for table `t_deportes`
--

LOCK TABLES `t_deportes` WRITE;
/*!40000 ALTER TABLE `t_deportes` DISABLE KEYS */;
INSERT INTO `t_deportes` VALUES (1,'FUTBOL'),(2,'BALONCESTO'),(3,'TENIS'),(4,'FUTBOL SALA'),(5,'SQUASH'),(6,'FUTBOL AMERICANO'),(7,'BALONMANO');
/*!40000 ALTER TABLE `t_deportes` ENABLE KEYS */;
UNLOCK TABLES;

--
-- Table structure for table `t_est_apuestas_ano`
--

DROP TABLE IF EXISTS `t_est_apuestas_ano`;
/*!40101 SET @saved_cs_client     = @@character_set_client */;
/*!40101 SET character_set_client = utf8 */;
CREATE TABLE `t_est_apuestas_ano` (
  `id` int(11) NOT NULL AUTO_INCREMENT,
  `ano` int(4) NOT NULL,
  `num_apuestas` int(11) NOT NULL,
  `num_encurso` int(11) NOT NULL,
  `num_ganadas` int(11) NOT NULL,
  `num_perdidas` int(11) NOT NULL,
  `num_pendientes` int(11) NOT NULL,
  `num_suspendidas` int(11) NOT NULL,
  `num_canceladas` int(11) NOT NULL,
  `num_parciales` int(11) NOT NULL,
  `num_push` int(11) NOT NULL,
  `importe_apostado` decimal(8,3) NOT NULL,
  `importe_potencial` decimal(8,3) NOT NULL,
  `importe_ganado` decimal(8,3) NOT NULL,
  `importe_perdido` decimal(8,3) NOT NULL,
  `importe_total` decimal(8,3) NOT NULL,
  `yield` decimal(8,3) NOT NULL,
  PRIMARY KEY (`id`),
  UNIQUE KEY `ano` (`ano`)
) ENGINE=InnoDB DEFAULT CHARSET=utf8;
/*!40101 SET character_set_client = @saved_cs_client */;

--
-- Dumping data for table `t_est_apuestas_ano`
--

LOCK TABLES `t_est_apuestas_ano` WRITE;
/*!40000 ALTER TABLE `t_est_apuestas_ano` DISABLE KEYS */;
/*!40000 ALTER TABLE `t_est_apuestas_ano` ENABLE KEYS */;
UNLOCK TABLES;

--
-- Table structure for table `t_est_apuestas_dia`
--

DROP TABLE IF EXISTS `t_est_apuestas_dia`;
/*!40101 SET @saved_cs_client     = @@character_set_client */;
/*!40101 SET character_set_client = utf8 */;
CREATE TABLE `t_est_apuestas_dia` (
  `id` int(11) NOT NULL AUTO_INCREMENT,
  `fecha` date NOT NULL,
  `num_apuestas` int(11) NOT NULL,
  `num_encurso` int(11) NOT NULL,
  `num_ganadas` int(11) NOT NULL,
  `num_perdidas` int(11) NOT NULL,
  `num_pendientes` int(11) NOT NULL,
  `num_suspendidas` int(11) NOT NULL,
  `num_canceladas` int(11) NOT NULL,
  `num_parciales` int(11) NOT NULL,
  `num_push` int(11) NOT NULL,
  `importe_apostado` decimal(8,3) NOT NULL,
  `importe_potencial` decimal(8,3) NOT NULL,
  `importe_ganado` decimal(8,3) NOT NULL,
  `importe_perdido` decimal(8,3) NOT NULL,
  `importe_total` decimal(8,3) NOT NULL,
  `yield` decimal(8,3) NOT NULL,
  PRIMARY KEY (`id`),
  UNIQUE KEY `fecha` (`fecha`)
) ENGINE=InnoDB AUTO_INCREMENT=218 DEFAULT CHARSET=utf8;
/*!40101 SET character_set_client = @saved_cs_client */;

--
-- Dumping data for table `t_est_apuestas_dia`
--

LOCK TABLES `t_est_apuestas_dia` WRITE;
/*!40000 ALTER TABLE `t_est_apuestas_dia` DISABLE KEYS */;
INSERT INTO `t_est_apuestas_dia` VALUES (192,'2019-11-09',3,0,2,1,0,0,0,0,0,2.700,11.675,1.975,-0.200,1.775,65.741),(193,'2019-11-10',3,0,1,2,0,0,0,0,0,0.800,1.491,0.216,-0.500,-0.284,-35.500),(194,'2019-11-12',5,0,2,1,0,0,1,1,0,1.300,2.247,0.214,-0.400,-0.186,-14.308),(195,'2019-11-13',4,0,2,2,0,0,0,0,0,0.700,1.330,0.372,-0.400,-0.028,-4.000),(196,'2019-11-14',8,0,4,4,0,0,0,0,0,1.900,3.270,0.646,-0.800,-0.154,-8.105),(197,'2019-11-15',8,0,7,1,0,0,0,0,0,1.600,2.868,1.088,-0.200,0.888,55.500),(198,'2019-11-16',7,0,4,3,0,0,0,0,0,7.200,12.166,4.490,-0.600,3.890,54.028),(199,'2019-11-17',5,0,1,3,0,0,0,1,0,1.700,2.993,0.180,-0.700,-0.520,-30.588),(200,'2019-11-18',5,0,3,2,0,0,0,0,0,1.200,2.127,0.597,-0.400,0.197,16.417),(201,'2019-11-19',12,0,6,2,0,0,0,4,0,3.100,5.669,2.076,-0.400,1.676,54.065),(202,'2019-11-20',7,0,2,2,0,0,0,3,0,2.500,4.170,0.975,-0.740,0.235,9.400),(203,'2019-11-21',8,0,4,3,0,0,0,1,0,4.200,6.864,1.454,-0.800,0.654,15.571),(204,'2019-11-22',3,0,1,2,0,0,0,0,0,1.000,1.944,0.160,-0.800,-0.640,-64.000),(205,'2019-11-23',8,0,2,6,0,0,0,0,0,2.100,6.355,0.416,-1.600,-1.184,-56.381),(206,'2019-11-24',6,0,5,1,0,0,0,0,0,1.650,3.306,1.202,-0.200,1.002,60.727),(207,'2019-11-25',2,0,1,1,0,0,0,0,0,0.500,0.820,0.240,-0.200,0.040,8.000),(208,'2019-11-26',7,0,4,3,0,0,0,0,0,1.600,2.884,0.680,-0.800,-0.120,-7.500),(209,'2019-11-27',11,0,7,4,0,0,0,0,0,2.200,4.933,1.183,-0.800,0.383,17.409),(210,'2019-11-28',13,0,9,2,0,0,0,0,2,4.450,8.819,3.486,-0.400,3.086,69.348),(211,'2019-11-29',10,0,3,7,0,0,0,0,0,3.800,7.436,1.644,-1.400,0.244,6.421),(212,'2019-11-30',19,0,13,6,0,0,0,0,0,4.600,7.879,2.276,-1.200,1.076,23.391),(213,'2019-12-01',9,0,4,5,0,0,0,0,0,1.800,3.024,0.536,-1.000,-0.464,-25.778),(214,'2019-12-02',6,0,3,3,0,0,0,0,0,1.450,2.365,0.479,-0.600,-0.121,-8.345),(215,'2019-12-03',11,0,7,4,0,0,0,0,0,2.300,3.956,0.994,-0.800,0.194,8.435),(216,'2019-12-04',21,0,14,6,0,0,1,0,0,4.500,7.719,2.063,-1.250,0.813,18.067),(217,'2019-12-05',2,1,1,0,0,0,0,0,0,0.400,0.614,0.108,0.000,0.108,27.000);
/*!40000 ALTER TABLE `t_est_apuestas_dia` ENABLE KEYS */;
UNLOCK TABLES;

--
-- Table structure for table `t_est_apuestas_mes`
--

DROP TABLE IF EXISTS `t_est_apuestas_mes`;
/*!40101 SET @saved_cs_client     = @@character_set_client */;
/*!40101 SET character_set_client = utf8 */;
CREATE TABLE `t_est_apuestas_mes` (
  `id` int(11) NOT NULL AUTO_INCREMENT,
  `mes` int(2) NOT NULL,
  `ano` int(4) NOT NULL,
  `num_apuestas` int(11) NOT NULL,
  `num_encurso` int(11) NOT NULL,
  `num_ganadas` int(11) NOT NULL,
  `num_perdidas` int(11) NOT NULL,
  `num_pendientes` int(11) NOT NULL,
  `num_suspendidas` int(11) NOT NULL,
  `num_canceladas` int(11) NOT NULL,
  `num_parciales` int(11) NOT NULL,
  `num_push` int(11) NOT NULL,
  `importe_apostado` decimal(8,3) NOT NULL,
  `importe_potencial` decimal(8,3) NOT NULL,
  `importe_ganado` decimal(8,3) NOT NULL,
  `importe_perdido` decimal(8,3) NOT NULL,
  `importe_total` decimal(8,3) NOT NULL,
  `yield` decimal(8,3) NOT NULL,
  PRIMARY KEY (`id`),
  UNIQUE KEY `mes` (`mes`,`ano`)
) ENGINE=InnoDB AUTO_INCREMENT=23 DEFAULT CHARSET=utf8;
/*!40101 SET character_set_client = @saved_cs_client */;

--
-- Dumping data for table `t_est_apuestas_mes`
--

LOCK TABLES `t_est_apuestas_mes` WRITE;
/*!40000 ALTER TABLE `t_est_apuestas_mes` DISABLE KEYS */;
INSERT INTO `t_est_apuestas_mes` VALUES (21,11,2019,154,0,83,58,0,0,1,10,2,50.800,101.246,25.570,-13.540,12.030,23.681),(22,12,2019,49,1,29,18,0,0,1,0,0,10.450,17.678,4.180,-3.650,0.530,5.072);
/*!40000 ALTER TABLE `t_est_apuestas_mes` ENABLE KEYS */;
UNLOCK TABLES;

--
-- Table structure for table `t_est_apuestas_semana`
--

DROP TABLE IF EXISTS `t_est_apuestas_semana`;
/*!40101 SET @saved_cs_client     = @@character_set_client */;
/*!40101 SET character_set_client = utf8 */;
CREATE TABLE `t_est_apuestas_semana` (
  `id` int(11) NOT NULL AUTO_INCREMENT,
  `semana` int(2) NOT NULL,
  `ano` int(4) NOT NULL,
  `num_apuestas` int(11) NOT NULL,
  `num_encurso` int(11) NOT NULL,
  `num_ganadas` int(11) NOT NULL,
  `num_perdidas` int(11) NOT NULL,
  `num_pendientes` int(11) NOT NULL,
  `num_suspendidas` int(11) NOT NULL,
  `num_canceladas` int(11) NOT NULL,
  `num_parciales` int(11) NOT NULL,
  `num_push` int(11) NOT NULL,
  `importe_apostado` decimal(8,3) NOT NULL,
  `importe_potencial` decimal(8,3) NOT NULL,
  `importe_ganado` decimal(8,3) NOT NULL,
  `importe_perdido` decimal(8,3) NOT NULL,
  `importe_total` decimal(8,3) NOT NULL,
  `yield` decimal(8,3) NOT NULL,
  PRIMARY KEY (`id`),
  UNIQUE KEY `semana` (`semana`,`ano`)
) ENGINE=InnoDB AUTO_INCREMENT=117 DEFAULT CHARSET=utf8;
/*!40101 SET character_set_client = @saved_cs_client */;

--
-- Dumping data for table `t_est_apuestas_semana`
--

LOCK TABLES `t_est_apuestas_semana` WRITE;
/*!40000 ALTER TABLE `t_est_apuestas_semana` DISABLE KEYS */;
INSERT INTO `t_est_apuestas_semana` VALUES (112,45,2019,6,0,3,3,0,0,0,0,0,3.500,13.166,2.191,-0.700,1.491,42.600),(113,46,2019,37,0,20,14,0,0,1,2,0,14.400,24.874,6.990,-3.100,3.890,27.014),(114,47,2019,49,0,23,18,0,0,0,8,0,15.750,30.435,6.880,-4.940,1.940,12.317),(115,48,2019,71,0,41,28,0,0,0,0,2,18.950,35.795,10.045,-5.800,4.245,22.401),(116,49,2019,40,1,25,13,0,0,1,0,0,8.650,14.654,3.644,-2.650,0.994,11.491);
/*!40000 ALTER TABLE `t_est_apuestas_semana` ENABLE KEYS */;
UNLOCK TABLES;

--
-- Table structure for table `t_est_apuestas_total`
--

DROP TABLE IF EXISTS `t_est_apuestas_total`;
/*!40101 SET @saved_cs_client     = @@character_set_client */;
/*!40101 SET character_set_client = utf8 */;
CREATE TABLE `t_est_apuestas_total` (
  `id` int(11) NOT NULL AUTO_INCREMENT,
  `num_apuestas` int(11) NOT NULL,
  `num_ganadas` int(11) NOT NULL,
  `num_perdidas` int(11) NOT NULL,
  `num_pendientes` int(11) NOT NULL,
  `num_otras` int(11) NOT NULL,
  `num_push` int(11) NOT NULL,
  `importe_apostado` decimal(8,3) NOT NULL,
  `importe_potencial` decimal(8,3) NOT NULL,
  `importe_ganado` decimal(8,3) NOT NULL,
  `importe_perdido` decimal(8,3) NOT NULL,
  `importe_total` decimal(8,3) NOT NULL,
  `yield` decimal(8,3) NOT NULL,
  PRIMARY KEY (`id`)
) ENGINE=InnoDB DEFAULT CHARSET=utf8;
/*!40101 SET character_set_client = @saved_cs_client */;

--
-- Dumping data for table `t_est_apuestas_total`
--

LOCK TABLES `t_est_apuestas_total` WRITE;
/*!40000 ALTER TABLE `t_est_apuestas_total` DISABLE KEYS */;
/*!40000 ALTER TABLE `t_est_apuestas_total` ENABLE KEYS */;
UNLOCK TABLES;

--
-- Table structure for table `t_estadisticas_semanal`
--

DROP TABLE IF EXISTS `t_estadisticas_semanal`;
/*!40101 SET @saved_cs_client     = @@character_set_client */;
/*!40101 SET character_set_client = utf8 */;
CREATE TABLE `t_estadisticas_semanal` (
  `id` int(6) NOT NULL AUTO_INCREMENT,
  `semana` date NOT NULL,
  `num_apuestas` int(3) DEFAULT NULL,
  `cantidad_inicial` decimal(9,3) NOT NULL,
  `cantidad_final` decimal(9,3) DEFAULT NULL,
  `neto` decimal(9,3) DEFAULT NULL,
  PRIMARY KEY (`id`)
) ENGINE=InnoDB AUTO_INCREMENT=3 DEFAULT CHARSET=utf8;
/*!40101 SET character_set_client = @saved_cs_client */;

--
-- Dumping data for table `t_estadisticas_semanal`
--

LOCK TABLES `t_estadisticas_semanal` WRITE;
/*!40000 ALTER TABLE `t_estadisticas_semanal` DISABLE KEYS */;
INSERT INTO `t_estadisticas_semanal` VALUES (1,'2019-11-11',37,22.000,26.250,4.250),(2,'2019-11-18',NULL,26.250,NULL,NULL);
/*!40000 ALTER TABLE `t_estadisticas_semanal` ENABLE KEYS */;
UNLOCK TABLES;

--
-- Table structure for table `t_estados`
--

DROP TABLE IF EXISTS `t_estados`;
/*!40101 SET @saved_cs_client     = @@character_set_client */;
/*!40101 SET character_set_client = utf8 */;
CREATE TABLE `t_estados` (
  `id` int(2) NOT NULL,
  `descripcion` varchar(32) NOT NULL,
  PRIMARY KEY (`id`)
) ENGINE=InnoDB DEFAULT CHARSET=utf8;
/*!40101 SET character_set_client = @saved_cs_client */;

--
-- Dumping data for table `t_estados`
--

LOCK TABLES `t_estados` WRITE;
/*!40000 ALTER TABLE `t_estados` DISABLE KEYS */;
INSERT INTO `t_estados` VALUES (1,'PENDIENTE'),(2,'EN CURSO'),(3,'GANADA'),(4,'PERDIDA'),(5,'SUSPENDIDA'),(6,'CANCELADA'),(7,'PARCIAL'),(8,'PUSH');
/*!40000 ALTER TABLE `t_estados` ENABLE KEYS */;
UNLOCK TABLES;

--
-- Table structure for table `t_movimientos`
--

DROP TABLE IF EXISTS `t_movimientos`;
/*!40101 SET @saved_cs_client     = @@character_set_client */;
/*!40101 SET character_set_client = utf8 */;
CREATE TABLE `t_movimientos` (
  `id` int(11) NOT NULL AUTO_INCREMENT,
  `observacion` varchar(64) DEFAULT NULL,
  `casa_id` int(2) NOT NULL,
  `fecha` date NOT NULL,
  `importe` decimal(8,3) NOT NULL,
  `tipo` varchar(16) NOT NULL,
  PRIMARY KEY (`id`),
  KEY `fk_movimientos_casa` (`casa_id`),
  CONSTRAINT `fk_movimientos_casa` FOREIGN KEY (`casa_id`) REFERENCES `t_casas` (`id`) ON DELETE NO ACTION ON UPDATE NO ACTION
) ENGINE=InnoDB AUTO_INCREMENT=4 DEFAULT CHARSET=utf8;
/*!40101 SET character_set_client = @saved_cs_client */;

--
-- Dumping data for table `t_movimientos`
--

LOCK TABLES `t_movimientos` WRITE;
/*!40000 ALTER TABLE `t_movimientos` DISABLE KEYS */;
INSERT INTO `t_movimientos` VALUES (1,NULL,1,'2019-11-08',10.000,'INGRESO'),(2,NULL,2,'2019-11-08',10.000,'INGRESO'),(3,'Ya lo tenía',3,'2019-11-22',5.000,'INGRESO');
/*!40000 ALTER TABLE `t_movimientos` ENABLE KEYS */;
UNLOCK TABLES;

--
-- Table structure for table `t_tipos`
--

DROP TABLE IF EXISTS `t_tipos`;
/*!40101 SET @saved_cs_client     = @@character_set_client */;
/*!40101 SET character_set_client = utf8 */;
CREATE TABLE `t_tipos` (
  `id` int(3) NOT NULL,
  `descripcion` varchar(32) NOT NULL,
  PRIMARY KEY (`id`)
) ENGINE=InnoDB DEFAULT CHARSET=utf8;
/*!40101 SET character_set_client = @saved_cs_client */;

--
-- Dumping data for table `t_tipos`
--

LOCK TABLES `t_tipos` WRITE;
/*!40000 ALTER TABLE `t_tipos` DISABLE KEYS */;
INSERT INTO `t_tipos` VALUES (0,'OTROS'),(1,'RESULTADO'),(2,'OVER GOLES'),(3,'UNDER GOLES'),(4,'OVER CORNERS'),(5,'UNDER CORNERS'),(6,'OVER TARJETAS'),(7,'UNDER TARJETAS'),(8,'HANDICAP ASIATICO'),(9,'HANDICAP EUROPEO'),(10,'BONO'),(11,'COMBINADA'),(12,'FUNBET'),(13,'AMBOS MARCAN'),(14,'PORTERIA A CERO'),(15,'PRUEBA 2'),(16,'PRUEBA-POSTMAN-MOD'),(17,'PRUEBA-POSTMAN');
/*!40000 ALTER TABLE `t_tipos` ENABLE KEYS */;
UNLOCK TABLES;

--
-- Table structure for table `t_tipsters`
--

DROP TABLE IF EXISTS `t_tipsters`;
/*!40101 SET @saved_cs_client     = @@character_set_client */;
/*!40101 SET character_set_client = utf8 */;
CREATE TABLE `t_tipsters` (
  `id` int(4) NOT NULL,
  `descripcion` varchar(64) NOT NULL,
  `url` varchar(256) DEFAULT NULL,
  `telegram` varchar(64) DEFAULT NULL,
  `activo` tinyint(4) DEFAULT NULL,
  PRIMARY KEY (`id`)
) ENGINE=InnoDB DEFAULT CHARSET=utf8;
/*!40101 SET character_set_client = @saved_cs_client */;

--
-- Dumping data for table `t_tipsters`
--

LOCK TABLES `t_tipsters` WRITE;
/*!40000 ALTER TABLE `t_tipsters` DISABLE KEYS */;
INSERT INTO `t_tipsters` VALUES (0,'OTROS',NULL,NULL,1),(1,'David Alonso',NULL,NULL,1),(2,'Grupo Live VIP','http://www.pensadorapuestas.com','Grupo Live Vip',1),(3,'DM7 free VIP','http://www.dm7bets.com','Dm7 free VIP',1),(4,'TopTipster - FREE','http://www.toptipster.es','TopTipster - FREE',1),(5,'Pensador de apuestas','http://www.pensadorapuestas.com','Pensador de apuestas',1),(6,'Pensador Baloncesto','http://pensadorapuestas.blogabet.com','Pensador Baloncesto',1),(7,'Tercera Apuestas','http://terceraapuestas.blogabet.com','Tercera Apuestas',1),(8,'KANZYANI','http://www.apuestasdeportivas.com',NULL,1),(9,'FRNB','http://www.apuestasdeportivas.com',NULL,1),(10,'PRITXITO10','http://www.apuestasdeportivas.com',NULL,1),(11,'KINPICKS FUTBOL',NULL,'KINPICKS FUTBOL FREE',1),(12,'blanncco','http://www.apuestasdeportivas.com',NULL,1),(13,'IVAN GABRIEL','http://ivangabrieltipster.com','IVÁN GABRIEL TIPSTER',1),(14,'Mascerot','http://www.apuestasdeportivas.com',NULL,1),(15,'bardo','http://www.apuestasdeportivas.com',NULL,1),(16,'STARTBET TENIS',NULL,'STARTBET TENIS',1),(17,'MARIOBETS FREE',NULL,'MARIOBETS FREE',1),(18,'WESTAPUESTA TENIS',NULL,'WESTAPUESTA',1),(19,'ILERAPUESTAS',NULL,'ILERAPUESTAS',1),(20,'CABALLOSYJOCKEY',NULL,'CABALLOSYJOCKEY',1),(21,'APUESTAS DEPORTIVAS ARMANDO','http://www.armandoapuestas.com','APUESTAS DEPORTIVAS ARMANDO',1),(22,'RoiApuestas',NULL,'RoiApuestas',1),(23,'PYCKIWISI',NULL,'PYCKIWISI',1),(24,'GAYA ALL SPORTS',NULL,'GAYA ALL SPORTS',1),(25,'WESTAPUESTA NBA',NULL,'WESTAPUESTA NBA',1),(26,'WESTAPUESTA FUTBOL',NULL,'WESTAPUESTA FUTBOL',1),(27,'CHRISTIAN APUESTAS',NULL,'CHRISTIAN APUESTAS',1),(28,'SERGIO MARTIN APUESTAS',NULL,'SERGIO MARTIN APUESTAS',1),(29,'MARTINEZ TEAM',NULL,'MARTINEZ TEAM',1),(30,'FUTBOL TOTAL',NULL,'FUTBOL TOTAL',1),(31,'INGENIERO PICKS',NULL,'INGENIERO PICKS',1),(32,'TIPANALISTAS',NULL,'TIPANALISTAS',1),(33,'JL APUESTAS',NULL,'JL APUESTAS',1),(34,'EL PROFESOR FREE',NULL,'EL PROFESOR FREE',1),(35,'VIP DICIEMBRE',NULL,'VIP DICIEMBRE',1),(36,'DAILY4TIPS',NULL,'DAILY4TIPS',1),(37,'BALONMANOENVERDE',NULL,'BALONMANOENVERDE',1),(38,'BETSFUTAMATEUR',NULL,'BETSFUTAMATEUR',1);
/*!40000 ALTER TABLE `t_tipsters` ENABLE KEYS */;
UNLOCK TABLES;

--
-- Table structure for table `t_torneos`
--

DROP TABLE IF EXISTS `t_torneos`;
/*!40101 SET @saved_cs_client     = @@character_set_client */;
/*!40101 SET character_set_client = utf8 */;
CREATE TABLE `t_torneos` (
  `id` int(4) NOT NULL,
  `descripcion` varchar(32) NOT NULL,
  `deporte_id` int(2) NOT NULL,
  PRIMARY KEY (`id`),
  KEY `fk_torneos_deporte` (`deporte_id`),
  CONSTRAINT `fk_torneos_deporte` FOREIGN KEY (`deporte_id`) REFERENCES `t_deportes` (`id`) ON DELETE NO ACTION ON UPDATE NO ACTION
) ENGINE=InnoDB DEFAULT CHARSET=utf8;
/*!40101 SET character_set_client = @saved_cs_client */;

--
-- Dumping data for table `t_torneos`
--

LOCK TABLES `t_torneos` WRITE;
/*!40000 ALTER TABLE `t_torneos` DISABLE KEYS */;
INSERT INTO `t_torneos` VALUES (0,'OTROS',1),(1,'ESP - LIGA 1',1),(2,'ESP - LIGA 2',1),(3,'ESP - LIGA 2B',1),(4,'ESP - LIGA 3',1),(5,'ESP - LIGA 2',1),(6,'GALES - LIGA SUR',1),(7,'PREMIER - LIGA 1',1),(8,'INTERNACIONAL',1),(9,'INTERNACIONAL FEM',1),(10,'ESP - LIGA 1 FEM',1),(11,'ESP - LIGA ACB',2),(12,'ESP - LIGA LEB ORO',2),(13,'UEFA CHAMPIONS LEAGUE',1),(14,'PREMIER - LIGA 2',1),(15,'OTROS',3),(16,'EUROLIGA',2),(17,'UGANDA - PREMIER',1),(18,'AMISTOSOS - CLUBES',1),(19,'AMISTOSOS - INTERNACIONAL',1),(20,'ESP - COPA DEL REY',1),(21,'INTERNACIONAL FEM',2),(22,'ESP - LIGA NACIONAL',4),(23,'COPA DAVIS - MASCULINO',3),(24,'ING - FA CUP',1),(25,'BEL - PRIMERA A',1),(26,'NBA',2),(27,'FRA - LIGA PRO A',2),(28,'ALE - BUNDESLIGA',2),(30,'EUROPA LEAGUE',1),(31,'OTROS',5),(32,'JAP - J-LEAGUE',1),(33,'NFL ',6),(34,'ESP - ASOBAL',7);
/*!40000 ALTER TABLE `t_torneos` ENABLE KEYS */;
UNLOCK TABLES;
/*!40103 SET TIME_ZONE=@OLD_TIME_ZONE */;

/*!40101 SET SQL_MODE=@OLD_SQL_MODE */;
/*!40014 SET FOREIGN_KEY_CHECKS=@OLD_FOREIGN_KEY_CHECKS */;
/*!40014 SET UNIQUE_CHECKS=@OLD_UNIQUE_CHECKS */;
/*!40101 SET CHARACTER_SET_CLIENT=@OLD_CHARACTER_SET_CLIENT */;
/*!40101 SET CHARACTER_SET_RESULTS=@OLD_CHARACTER_SET_RESULTS */;
/*!40101 SET COLLATION_CONNECTION=@OLD_COLLATION_CONNECTION */;
/*!40111 SET SQL_NOTES=@OLD_SQL_NOTES */;

-- Dump completed on 2019-12-08 20:08:10
